{
    "camera": {
        "fov": 50,
        "position": [
            -4.283095836639404,
            0.7463614344596863,
            0.5001675486564636
        ],
        "target": [
            -0.14596355546430284,
            -0.20638763797714443,
            0.06533742304504077
        ],
        "startAnim": "none",
        "animTrack": null
    },
    "background": {
        "color": [
            0.4,
            0.4,
            0.4
        ]
    },
    "animTracks": []
}