{
    "camera": {
        "fov": 50,
        "position": [
            7.809035778045654,
            1.4246351718902588,
            5.640639305114746
        ],
        "target": [
            -0.32981081816629365,
            0.5198557586239587,
            -0.4038015368603576
        ],
        "startAnim": "none",
        "animTrack": null
    },
    "background": {
        "color": [
            0.23529411764705882,
            0.23529411764705882,
            0.23529411764705882
        ]
    },
    "animTracks": []
}