{
    "camera": {
        "fov": 50,
        "position": [
            -0.03413091599941254,
            0.4433732330799103,
            -0.5087315440177917
        ],
        "target": [
            -0.018794362379322388,
            0.03512614661680133,
            -0.020714475491401867
        ],
        "startAnim": "none",
        "animTrack": null
    },
    "background": {
        "color": [
            0.4,
            0.4,
            0.4
        ]
    },
    "animTracks": []
}