{
    "camera": {
        "fov": 50,
        "position": [
            -0.8553184270858765,
            0.6064209342002869,
            -3.8434677124023438
        ],
        "target": [
            -0.05290758559015507,
            -0.16799027853969134,
            0.13604686380620534
        ],
        "startAnim": "none",
        "animTrack": null
    },
    "background": {
        "color": [
            0.4,
            0.4,
            0.4
        ]
    },
    "animTracks": []
}